Workbook

Sheet Input
B2: Total Budget | C2: 15
B3: Product 1 | C3: Fish | G3: Product 2 | H3: Coconuts
B5: Quiz # | C5: 1
B7: Manual Problem (used when Quiz # = 0)
B8: =C3&" Cost" -> Fish Cost | C8: 3
B9: =H3&" Cost" -> Coconuts Cost | C9: 1
B11: Quantity | C11: 1 | D11: 2 | E11: 3 | F11: 4 | G11: 5 | H11: 6 | I11: 7 | J11: 8 | K11: 9
B12: =C3&" MU" -> Fish MU | C12: 18 | D12: 15 | E12: 12 | F12: 9 | G12: 6 | H12: 3 | I12: 0 | J12: 0 | K12: 0
B13: =H3&" MU" -> Coconuts MU | C13: 10 | D13: 8 | E13: 6 | F13: 5 | G13: 4 | H13: 3 | I13: 2 | J13: 1 | K13: 0
B15: Active Problem | E15: Next: open the Quiz or Printout tab.
B16: ="Active "&C3&" Cost" -> Active Fish Cost | C16: =Calculations!D4 -> 5
B17: ="Active "&H3&" Cost" -> Active Coconuts Cost | C17: =Calculations!I4 -> 3
B18: ="Optimal "&C3 -> Optimal Fish | C18: =Calculations!O6 -> 1
B19: ="Optimal "&H3 -> Optimal Coconuts | C19: =Calculations!O7 -> 3
B20: Total Utility | C20: =Calculations!O10 -> 40

Sheet Quiz
B1: Marginal Utility Per Dollar — Quiz
B2: Fill in the yellow cells. Green = correct, red = incorrect.
B3: To do the next quiz return to the input page and select a new quiz
B5: Total Budget | C5: =Calculations!C3 -> 15
D7: =Calculations!C4&" ($"&Calculations!D4&")" -> Fish ($5) | I7: =Calculations!H4&" ($"&Calculations!I4&")" -> Coconuts ($3) | T7: ANSWER KEY (do not edit)
D8: Quantity | E8: Total Utility | F8: Marginal Utility | G8: MU per $ | I8: Quantity | J8: Total Utility | K8: Marginal Utility | L8: MU per $ | T8: ="MU "&Calculations!C4 -> MU Fish | U8: ="MU/$ "&Calculations!C4 -> MU/$ Fish | V8: ="MU "&Calculations!H4 -> MU Coconuts | W8: ="MU/$ "&Calculations!H4 -> MU/$ Coconuts
D9: 1 | E9: =Calculations!R3 -> 13 | I9: 1 | J9: =Calculations!V3 -> 10 | T9: =Calculations!S3 -> 13 | U9: =Calculations!T3 -> 2.6 | V9: =Calculations!W3 -> 10 | W9: =Calculations!X3 -> 3.3333333
D10: 2 | E10: =Calculations!R4 -> 24 | I10: 2 | J10: =Calculations!V4 -> 19 | T10: =Calculations!S4 -> 11 | U10: =Calculations!T4 -> 2.2 | V10: =Calculations!W4 -> 9 | W10: =Calculations!X4 -> 3
D11: 3 | E11: =Calculations!R5 -> 32 | I11: 3 | J11: =Calculations!V5 -> 27 | T11: =Calculations!S5 -> 8 | U11: =Calculations!T5 -> 1.6 | V11: =Calculations!W5 -> 8 | W11: =Calculations!X5 -> 2.6666667
D12: 4 | E12: =Calculations!R6 -> 39 | I12: 4 | J12: =Calculations!V6 -> 34 | T12: =Calculations!S6 -> 7 | U12: =Calculations!T6 -> 1.4 | V12: =Calculations!W6 -> 7 | W12: =Calculations!X6 -> 2.3333333
D13: 5 | E13: =Calculations!R7 -> 45 | I13: 5 | J13: =Calculations!V7 -> 39 | T13: =Calculations!S7 -> 6 | U13: =Calculations!T7 -> 1.2 | V13: =Calculations!W7 -> 5 | W13: =Calculations!X7 -> 1.6666667
D14: 6 | E14: =Calculations!R8 -> 49 | I14: 6 | J14: =Calculations!V8 -> 43 | T14: =Calculations!S8 -> 4 | U14: =Calculations!T8 -> 0.8 | V14: =Calculations!W8 -> 4 | W14: =Calculations!X8 -> 1.3333333
D15: 7 | E15: =Calculations!R9 -> 52 | I15: 7 | J15: =Calculations!V9 -> 45 | T15: =Calculations!S9 -> 3 | U15: =Calculations!T9 -> 0.6 | V15: =Calculations!W9 -> 2 | W15: =Calculations!X9 -> 0.66666667
D16: 8 | E16: =Calculations!R10 -> 53 | I16: 8 | J16: =Calculations!V10 -> 46 | T16: =Calculations!S10 -> 1 | U16: =Calculations!T10 -> 0.2 | V16: =Calculations!W10 -> 1 | W16: =Calculations!X10 -> 0.33333333
D17: 9 | E17: =Calculations!R11 -> 53 | I17: 9 | J17: =Calculations!V11 -> 46 | T17: =Calculations!S11 -> 0 | U17: =Calculations!T11 -> 0 | V17: =Calculations!W11 -> 0 | W17: =Calculations!X11 -> 0
B19: ="Optimal "&Calculations!C4 -> Optimal Fish | T19: ="Optimal "&Calculations!C4 -> Optimal Fish | U19: =Calculations!O6 -> 1
B20: ="Optimal "&Calculations!H4 -> Optimal Coconuts | T20: ="Optimal "&Calculations!H4 -> Optimal Coconuts | U20: =Calculations!O7 -> 3
B21: Total Spend | T21: Total Spend | U21: =Calculations!O9 -> 14
B22: Total Utility | T22: Total Utility | U22: =Calculations!O10 -> 40

Sheet Printout
B1: Marginal Utility Per Dollar — Worksheet | F1: =IF(Input!C5=0,"Manual Problem","Problem "&Input!C5) -> Problem 1
B3: Total Budget | C3: =Calculations!C3 -> 15
D5: =Calculations!C4&" ($"&Calculations!D4&")" -> Fish ($5) | I5: =Calculations!H4&" ($"&Calculations!I4&")" -> Coconuts ($3)
D6: Quantity | E6: Total Utility | F6: Marginal Utility | G6: MU per $ | I6: Quantity | J6: Total Utility | K6: Marginal Utility | L6: MU per $
D7: 1 | E7: =Calculations!R3 -> 13 | I7: 1 | J7: =Calculations!V3 -> 10
D8: 2 | E8: =Calculations!R4 -> 24 | I8: 2 | J8: =Calculations!V4 -> 19
D9: 3 | E9: =Calculations!R5 -> 32 | I9: 3 | J9: =Calculations!V5 -> 27
D10: 4 | E10: =Calculations!R6 -> 39 | I10: 4 | J10: =Calculations!V6 -> 34
D11: 5 | E11: =Calculations!R7 -> 45 | I11: 5 | J11: =Calculations!V7 -> 39
D12: 6 | E12: =Calculations!R8 -> 49 | I12: 6 | J12: =Calculations!V8 -> 43
D13: 7 | E13: =Calculations!R9 -> 52 | I13: 7 | J13: =Calculations!V9 -> 45
D14: 8 | E14: =Calculations!R10 -> 53 | I14: 8 | J14: =Calculations!V10 -> 46
D15: 9 | E15: =Calculations!R11 -> 53 | I15: 9 | J15: =Calculations!V11 -> 46
B17: ="Optimal "&Calculations!C4 -> Optimal Fish
B18: ="Optimal "&Calculations!H4 -> Optimal Coconuts
B19: Total Spend
B20: Total Utility
B24: Marginal Utility Per Dollar — Answer Key | F24: =IF(Input!C5=0,"Manual Problem","Problem "&Input!C5) -> Problem 1
B26: Total Budget | C26: =Calculations!C3 -> 15
D28: =Calculations!C4&" ($"&Calculations!D4&")" -> Fish ($5) | I28: =Calculations!H4&" ($"&Calculations!I4&")" -> Coconuts ($3)
D29: Quantity | E29: Total Utility | F29: Marginal Utility | G29: MU per $ | I29: Quantity | J29: Total Utility | K29: Marginal Utility | L29: MU per $
D30: 1 | E30: =Calculations!R3 -> 13 | F30: =Calculations!S3 -> 13 | G30: =Calculations!T3 -> 2.6 | I30: 1 | J30: =Calculations!V3 -> 10 | K30: =Calculations!W3 -> 10 | L30: =Calculations!X3 -> 3.3333333
D31: 2 | E31: =Calculations!R4 -> 24 | F31: =Calculations!S4 -> 11 | G31: =Calculations!T4 -> 2.2 | I31: 2 | J31: =Calculations!V4 -> 19 | K31: =Calculations!W4 -> 9 | L31: =Calculations!X4 -> 3
D32: 3 | E32: =Calculations!R5 -> 32 | F32: =Calculations!S5 -> 8 | G32: =Calculations!T5 -> 1.6 | I32: 3 | J32: =Calculations!V5 -> 27 | K32: =Calculations!W5 -> 8 | L32: =Calculations!X5 -> 2.6666667
D33: 4 | E33: =Calculations!R6 -> 39 | F33: =Calculations!S6 -> 7 | G33: =Calculations!T6 -> 1.4 | I33: 4 | J33: =Calculations!V6 -> 34 | K33: =Calculations!W6 -> 7 | L33: =Calculations!X6 -> 2.3333333
D34: 5 | E34: =Calculations!R7 -> 45 | F34: =Calculations!S7 -> 6 | G34: =Calculations!T7 -> 1.2 | I34: 5 | J34: =Calculations!V7 -> 39 | K34: =Calculations!W7 -> 5 | L34: =Calculations!X7 -> 1.6666667
D35: 6 | E35: =Calculations!R8 -> 49 | F35: =Calculations!S8 -> 4 | G35: =Calculations!T8 -> 0.8 | I35: 6 | J35: =Calculations!V8 -> 43 | K35: =Calculations!W8 -> 4 | L35: =Calculations!X8 -> 1.3333333
D36: 7 | E36: =Calculations!R9 -> 52 | F36: =Calculations!S9 -> 3 | G36: =Calculations!T9 -> 0.6 | I36: 7 | J36: =Calculations!V9 -> 45 | K36: =Calculations!W9 -> 2 | L36: =Calculations!X9 -> 0.66666667
D37: 8 | E37: =Calculations!R10 -> 53 | F37: =Calculations!S10 -> 1 | G37: =Calculations!T10 -> 0.2 | I37: 8 | J37: =Calculations!V10 -> 46 | K37: =Calculations!W10 -> 1 | L37: =Calculations!X10 -> 0.33333333
D38: 9 | E38: =Calculations!R11 -> 53 | F38: =Calculations!S11 -> 0 | G38: =Calculations!T11 -> 0 | I38: 9 | J38: =Calculations!V11 -> 46 | K38: =Calculations!W11 -> 0 | L38: =Calculations!X11 -> 0
B40: ="Optimal "&Calculations!C4 -> Optimal Fish | C40: =Calculations!O6 -> 1
B41: ="Optimal "&Calculations!H4 -> Optimal Coconuts | C41: =Calculations!O7 -> 3
B42: Total Spend | C42: =Calculations!O9 -> 14
B43: Total Utility | C43: =Calculations!O10 -> 40

Sheet Calculations
M2: ="Cost "&C4 -> Cost Fish | O2: =D4 -> 5 | Q2: ="Quantity "&C4 -> Quantity Fish | R2: ="Total Utility "&C4 -> Total Utility Fish | S2: ="Marginal Utility "&C4 -> Marginal Utility Fish | T2: ="Marginal Utility Per Dollar "&C4 -> Marginal Utility Per Dollar Fish | U2: ="Quantity "&H4 -> Quantity Coconuts | V2: ="Total Utility "&H4 -> Total Utility Coconuts | W2: ="Marginal Utility "&H4 -> Marginal Utility Coconuts | X2: ="Marginal Utility Per Dollar "&H4 -> Marginal Utility Per Dollar Coconuts | Z2: ="TU Grid (rows="&C4&" qty 0-9, cols="&H4&" qty 0-9)" -> TU Grid (rows=Fish qty 0-9, cols=Coconuts qty 0-9) | AL2: Problem Pool (hidden)
B3: Total Budget | C3: =Input!C2 -> 15 | M3: ="Cost "&H4 -> Cost Coconuts | O3: =I4 -> 3 | Q3: 1 | R3: =S3+R24 -> 13 | S3: =T3*$O$2 -> 13 | T3: {=IF($C$6=0,$C$13/$D$4,INDEX($AO$4:$AO$23,MOD($C$6-1,20)+1)/$D$4)} -> 2.6 | U3: 1 | V3: =W3+V24 -> 10 | W3: =X3*$O$3 -> 10 | X3: {=IF($C$6=0,$C$14/$I$4,INDEX($AX$4:$AX$23,MOD($C$6-1,20)+1)/$I$4)} -> 3.3333333 | AA3: 0 | AB3: 1 | AC3: 2 | AD3: 3 | AE3: 4 | AF3: 5 | AG3: 6 | AH3: 7 | AI3: 8 | AJ3: 9 | AL3: 0 | AM3: =LEFT(C4,3)&"Px" -> FisPx | AN3: =LEFT(H4,3)&"Px" -> CocPx | AO3: =LEFT(C4,3)&"MU1" -> FisMU1 | AP3: =LEFT(C4,3)&"MU2" -> FisMU2 | AQ3: =LEFT(C4,3)&"MU3" -> FisMU3 | AR3: =LEFT(C4,3)&"MU4" -> FisMU4 | AS3: =LEFT(C4,3)&"MU5" -> FisMU5 | AT3: =LEFT(C4,3)&"MU6" -> FisMU6 | AU3: =LEFT(C4,3)&"MU7" -> FisMU7 | AV3: =LEFT(C4,3)&"MU8" -> FisMU8 | AW3: =LEFT(C4,3)&"MU9" -> FisMU9 | AX3: =LEFT(H4,3)&"MU1" -> CocMU1 | AY3: =LEFT(H4,3)&"MU2" -> CocMU2 | AZ3: =LEFT(H4,3)&"MU3" -> CocMU3 | BA3: =LEFT(H4,3)&"MU4" -> CocMU4 | BB3: =LEFT(H4,3)&"MU5" -> CocMU5 | BC3: =LEFT(H4,3)&"MU6" -> CocMU6 | BD3: =LEFT(H4,3)&"MU7" -> CocMU7 | BE3: =LEFT(H4,3)&"MU8" -> CocMU8 | BF3: =LEFT(H4,3)&"MU9" -> CocMU9
B4: Product 1 | C4: =Input!C3 -> Fish | D4: {=IF($C$6=0,$C$9,INDEX($AM$4:$AM$23,MOD($C$6-1,20)+1))} -> 5 | G4: Product 2 | H4: =Input!H3 -> Coconuts | I4: {=IF($C$6=0,$C$10,INDEX($AN$4:$AN$23,MOD($C$6-1,20)+1))} -> 3 | M4: Budget | O4: =C3 -> 15 | Q4: 2 | R4: =S4+R3 -> 24 | S4: =T4*$O$2 -> 11 | T4: {=IF($C$6=0,$D$13/$D$4,INDEX($AP$4:$AP$23,MOD($C$6-1,20)+1)/$D$4)} -> 2.2 | U4: 2 | V4: =W4+V3 -> 19 | W4: =X4*$O$3 -> 9 | X4: {=IF($C$6=0,$D$14/$I$4,INDEX($AY$4:$AY$23,MOD($C$6-1,20)+1)/$I$4)} -> 3 | Z4: 0 | AA4: =IF($Z4*$O$2+AA$3*$O$3<=$O$4,IFERROR(_xlfn.XLOOKUP($Z4,$Q$3:$Q$11,$R$3:$R$11),0)+IFERROR(_xlfn.XLOOKUP(AA$3,$U$3:$U$11,$V$3:$V$11),0),"") -> 0 | AB4: =IF($Z4*$O$2+AB$3*$O$3<=$O$4,IFERROR(_xlfn.XLOOKUP($Z4,$Q$3:$Q$11,$R$3:$R$11),0)+IFERROR(_xlfn.XLOOKUP(AB$3,$U$3:$U$11,$V$3:$V$11),0),"") -> 10 | AC4: =IF($Z4*$O$2+AC$3*$O$3<=$O$4,IFERROR(_xlfn.XLOOKUP($Z4,$Q$3:$Q$11,$R$3:$R$11),0)+IFERROR(_xlfn.XLOOKUP(AC$3,$U$3:$U$11,$V$3:$V$11),0),"") -> 19 | AD4: =IF($Z4*$O$2+AD$3*$O$3<=$O$4,IFERROR(_xlfn.XLOOKUP($Z4,$Q$3:$Q$11,$R$3:$R$11),0)+IFERROR(_xlfn.XLOOKUP(AD$3,$U$3:$U$11,$V$3:$V$11),0),"") -> 27 | AE4: =IF($Z4*$O$2+AE$3*$O$3<=$O$4,IFERROR(_xlfn.XLOOKUP($Z4,$Q$3:$Q$11,$R$3:$R$11),0)+IFERROR(_xlfn.XLOOKUP(AE$3,$U$3:$U$11,$V$3:$V$11),0),"") -> 34 | AF4: =IF($Z4*$O$2+AF$3*$O$3<=$O$4,IFERROR(_xlfn.XLOOKUP($Z4,$Q$3:$Q$11,$R$3:$R$11),0)+IFERROR(_xlfn.XLOOKUP(AF$3,$U$3:$U$11,$V$3:$V$11),0),"") -> 39 | AG4: =IF($Z4*$O$2+AG$3*$O$3<=$O$4,IFERROR(_xlfn.XLOOKUP($Z4,$Q$3:$Q$11,$R$3:$R$11),0)+IFERROR(_xlfn.XLOOKUP(AG$3,$U$3:$U$11,$V$3:$V$11),0),"") | AH4: =IF($Z4*$O$2+AH$3*$O$3<=$O$4,IFERROR(_xlfn.XLOOKUP($Z4,$Q$3:$Q$11,$R$3:$R$11),0)+IFERROR(_xlfn.XLOOKUP(AH$3,$U$3:$U$11,$V$3:$V$11),0),"") | ... AJ4: =IF($Z4*$O$2+AJ$3*$O$3<=$O$4,IFERROR(_xlfn.XLOOKUP($Z4,$Q$3:$Q$11,$R$3:$R$11),0)+IFERROR(_xlfn.XLOOKUP(AJ$3,$U$3:$U$11,$V$3:$V$11),0),"") | AL4: 1 | AM4: 5 | AN4: 3 | AO4: 13 | AP4: 11 | AQ4: 8 | AR4: 7 | AS4: 6 | AT4: 4 | AU4: 3 | AV4: 1 | AW4: 0 | AX4: 10 | AY4: 9 | AZ4: 8 | BA4: 7 | BB4: 5 | BC4: 4 | BD4: 2 | BE4: 1 | BF4: 0
B5: Cost | Q5: 3 | R5: =S5+R4 -> 32 | S5: =T5*$O$2 -> 8 | T5: {=IF($C$6=0,$E$13/$D$4,INDEX($AQ$4:$AQ$23,MOD($C$6-1,20)+1)/$D$4)} -> 1.6 | U5: 3 | V5: =W5+V4 -> 27 | W5: =X5*$O$3 -> 8 | X5: {=IF($C$6=0,$E$14/$I$4,INDEX($AZ$4:$AZ$23,MOD($C$6-1,20)+1)/$I$4)} -> 2.6666667 | Z5: 1 | AA5: =IF($Z5*$O$2+AA$3*$O$3<=$O$4,IFERROR(_xlfn.XLOOKUP($Z5,$Q$3:$Q$11,$R$3:$R$11),0)+IFERROR(_xlfn.XLOOKUP(AA$3,$U$3:$U$11,$V$3:$V$11),0),"") -> 13 | AB5: =IF($Z5*$O$2+AB$3*$O$3<=$O$4,IFERROR(_xlfn.XLOOKUP($Z5,$Q$3:$Q$11,$R$3:$R$11),0)+IFERROR(_xlfn.XLOOKUP(AB$3,$U$3:$U$11,$V$3:$V$11),0),"") -> 23 | AC5: =IF($Z5*$O$2+AC$3*$O$3<=$O$4,IFERROR(_xlfn.XLOOKUP($Z5,$Q$3:$Q$11,$R$3:$R$11),0)+IFERROR(_xlfn.XLOOKUP(AC$3,$U$3:$U$11,$V$3:$V$11),0),"") -> 32 | AD5: =IF($Z5*$O$2+AD$3*$O$3<=$O$4,IFERROR(_xlfn.XLOOKUP($Z5,$Q$3:$Q$11,$R$3:$R$11),0)+IFERROR(_xlfn.XLOOKUP(AD$3,$U$3:$U$11,$V$3:$V$11),0),"") -> 40 | AE5: =IF($Z5*$O$2+AE$3*$O$3<=$O$4,IFERROR(_xlfn.XLOOKUP($Z5,$Q$3:$Q$11,$R$3:$R$11),0)+IFERROR(_xlfn.XLOOKUP(AE$3,$U$3:$U$11,$V$3:$V$11),0),"") | AF5: =IF($Z5*$O$2+AF$3*$O$3<=$O$4,IFERROR(_xlfn.XLOOKUP($Z5,$Q$3:$Q$11,$R$3:$R$11),0)+IFERROR(_xlfn.XLOOKUP(AF$3,$U$3:$U$11,$V$3:$V$11),0),"") | AG5: =IF($Z5*$O$2+AG$3*$O$3<=$O$4,IFERROR(_xlfn.XLOOKUP($Z5,$Q$3:$Q$11,$R$3:$R$11),0)+IFERROR(_xlfn.XLOOKUP(AG$3,$U$3:$U$11,$V$3:$V$11),0),"") | AH5: =IF($Z5*$O$2+AH$3*$O$3<=$O$4,IFERROR(_xlfn.XLOOKUP($Z5,$Q$3:$Q$11,$R$3:$R$11),0)+IFERROR(_xlfn.XLOOKUP(AH$3,$U$3:$U$11,$V$3:$V$11),0),"") | ... AJ5: =IF($Z5*$O$2+AJ$3*$O$3<=$O$4,IFERROR(_xlfn.XLOOKUP($Z5,$Q$3:$Q$11,$R$3:$R$11),0)+IFERROR(_xlfn.XLOOKUP(AJ$3,$U$3:$U$11,$V$3:$V$11),0),"") | AL5: 2 | AM5: 3 | AN5: 3 | AO5: 14 | AP5: 11 | AQ5: 9 | AR5: 5 | AS5: 4 | AT5: 3 | AU5: 2 | AV5: 1 | AW5: 0 | AX5: 14 | AY5: 13 | AZ5: 12 | BA5: 8 | BB5: 7 | BC5: 6 | BD5: 3 | BE5: 2 | BF5: 0
B6: Reroll | C6: =Input!C5 -> 1 | M6: ="Optimal "&C4 -> Optimal Fish | O6: {=INDEX($Z$4:$Z$13,INT((MATCH(MAX(IFERROR(_xlfn.TOCOL($AA$4:$AJ$13)*1,-1)),IFERROR(_xlfn.TOCOL($AA$4:$AJ$13)*1,-1),0)-1)/10)+1)} -> 1 | Q6: 4 | R6: =S6+R5 -> 39 | S6: =T6*$O$2 -> 7 | T6: {=IF($C$6=0,$F$13/$D$4,INDEX($AR$4:$AR$23,MOD($C$6-1,20)+1)/$D$4)} -> 1.4 | U6: 4 | V6: =W6+V5 -> 34 | W6: =X6*$O$3 -> 7 | X6: {=IF($C$6=0,$F$14/$I$4,INDEX($BA$4:$BA$23,MOD($C$6-1,20)+1)/$I$4)} -> 2.3333333 | Z6: 2 | AA6: =IF($Z6*$O$2+AA$3*$O$3<=$O$4,IFERROR(_xlfn.XLOOKUP($Z6,$Q$3:$Q$11,$R$3:$R$11),0)+IFERROR(_xlfn.XLOOKUP(AA$3,$U$3:$U$11,$V$3:$V$11),0),"") -> 24 | AB6: =IF($Z6*$O$2+AB$3*$O$3<=$O$4,IFERROR(_xlfn.XLOOKUP($Z6,$Q$3:$Q$11,$R$3:$R$11),0)+IFERROR(_xlfn.XLOOKUP(AB$3,$U$3:$U$11,$V$3:$V$11),0),"") -> 34 | AC6: =IF($Z6*$O$2+AC$3*$O$3<=$O$4,IFERROR(_xlfn.XLOOKUP($Z6,$Q$3:$Q$11,$R$3:$R$11),0)+IFERROR(_xlfn.XLOOKUP(AC$3,$U$3:$U$11,$V$3:$V$11),0),"") | AD6: =IF($Z6*$O$2+AD$3*$O$3<=$O$4,IFERROR(_xlfn.XLOOKUP($Z6,$Q$3:$Q$11,$R$3:$R$11),0)+IFERROR(_xlfn.XLOOKUP(AD$3,$U$3:$U$11,$V$3:$V$11),0),"") | AE6: =IF($Z6*$O$2+AE$3*$O$3<=$O$4,IFERROR(_xlfn.XLOOKUP($Z6,$Q$3:$Q$11,$R$3:$R$11),0)+IFERROR(_xlfn.XLOOKUP(AE$3,$U$3:$U$11,$V$3:$V$11),0),"") | AF6: =IF($Z6*$O$2+AF$3*$O$3<=$O$4,IFERROR(_xlfn.XLOOKUP($Z6,$Q$3:$Q$11,$R$3:$R$11),0)+IFERROR(_xlfn.XLOOKUP(AF$3,$U$3:$U$11,$V$3:$V$11),0),"") | AG6: =IF($Z6*$O$2+AG$3*$O$3<=$O$4,IFERROR(_xlfn.XLOOKUP($Z6,$Q$3:$Q$11,$R$3:$R$11),0)+IFERROR(_xlfn.XLOOKUP(AG$3,$U$3:$U$11,$V$3:$V$11),0),"") | AH6: =IF($Z6*$O$2+AH$3*$O$3<=$O$4,IFERROR(_xlfn.XLOOKUP($Z6,$Q$3:$Q$11,$R$3:$R$11),0)+IFERROR(_xlfn.XLOOKUP(AH$3,$U$3:$U$11,$V$3:$V$11),0),"") | ... AJ6: =IF($Z6*$O$2+AJ$3*$O$3<=$O$4,IFERROR(_xlfn.XLOOKUP($Z6,$Q$3:$Q$11,$R$3:$R$11),0)+IFERROR(_xlfn.XLOOKUP(AJ$3,$U$3:$U$11,$V$3:$V$11),0),"") | AL6: 3 | AM6: 5 | AN6: 2 | AO6: 9 | AP6: 8 | AQ6: 7 | AR6: 6 | AS6: 5 | AT6: 4 | AU6: 2 | AV6: 1 | AW6: 0 | AX6: 13 | AY6: 12 | AZ6: 10 | BA6: 7 | BB6: 4 | BC6: 3 | BD6: 2 | BE6: 1 | BF6: 0
M7: ="Optimal "&H4 -> Optimal Coconuts | O7: {=INDEX($AA$3:$AJ$3,MOD(MATCH(MAX(IFERROR(_xlfn.TOCOL($AA$4:$AJ$13)*1,-1)),IFERROR(_xlfn.TOCOL($AA$4:$AJ$13)*1,-1),0)-1,10)+1)} -> 3 | Q7: 5 | R7: =S7+R6 -> 45 | S7: =T7*$O$2 -> 6 | T7: {=IF($C$6=0,$G$13/$D$4,INDEX($AS$4:$AS$23,MOD($C$6-1,20)+1)/$D$4)} -> 1.2 | U7: 5 | V7: =W7+V6 -> 39 | W7: =X7*$O$3 -> 5 | X7: {=IF($C$6=0,$G$14/$I$4,INDEX($BB$4:$BB$23,MOD($C$6-1,20)+1)/$I$4)} -> 1.6666667 | Z7: 3 | AA7: =IF($Z7*$O$2+AA$3*$O$3<=$O$4,IFERROR(_xlfn.XLOOKUP($Z7,$Q$3:$Q$11,$R$3:$R$11),0)+IFERROR(_xlfn.XLOOKUP(AA$3,$U$3:$U$11,$V$3:$V$11),0),"") -> 32 | AB7: =IF($Z7*$O$2+AB$3*$O$3<=$O$4,IFERROR(_xlfn.XLOOKUP($Z7,$Q$3:$Q$11,$R$3:$R$11),0)+IFERROR(_xlfn.XLOOKUP(AB$3,$U$3:$U$11,$V$3:$V$11),0),"") | AC7: =IF($Z7*$O$2+AC$3*$O$3<=$O$4,IFERROR(_xlfn.XLOOKUP($Z7,$Q$3:$Q$11,$R$3:$R$11),0)+IFERROR(_xlfn.XLOOKUP(AC$3,$U$3:$U$11,$V$3:$V$11),0),"") | AD7: =IF($Z7*$O$2+AD$3*$O$3<=$O$4,IFERROR(_xlfn.XLOOKUP($Z7,$Q$3:$Q$11,$R$3:$R$11),0)+IFERROR(_xlfn.XLOOKUP(AD$3,$U$3:$U$11,$V$3:$V$11),0),"") | AE7: =IF($Z7*$O$2+AE$3*$O$3<=$O$4,IFERROR(_xlfn.XLOOKUP($Z7,$Q$3:$Q$11,$R$3:$R$11),0)+IFERROR(_xlfn.XLOOKUP(AE$3,$U$3:$U$11,$V$3:$V$11),0),"") | AF7: =IF($Z7*$O$2+AF$3*$O$3<=$O$4,IFERROR(_xlfn.XLOOKUP($Z7,$Q$3:$Q$11,$R$3:$R$11),0)+IFERROR(_xlfn.XLOOKUP(AF$3,$U$3:$U$11,$V$3:$V$11),0),"") | AG7: =IF($Z7*$O$2+AG$3*$O$3<=$O$4,IFERROR(_xlfn.XLOOKUP($Z7,$Q$3:$Q$11,$R$3:$R$11),0)+IFERROR(_xlfn.XLOOKUP(AG$3,$U$3:$U$11,$V$3:$V$11),0),"") | AH7: =IF($Z7*$O$2+AH$3*$O$3<=$O$4,IFERROR(_xlfn.XLOOKUP($Z7,$Q$3:$Q$11,$R$3:$R$11),0)+IFERROR(_xlfn.XLOOKUP(AH$3,$U$3:$U$11,$V$3:$V$11),0),"") | ... AJ7: =IF($Z7*$O$2+AJ$3*$O$3<=$O$4,IFERROR(_xlfn.XLOOKUP($Z7,$Q$3:$Q$11,$R$3:$R$11),0)+IFERROR(_xlfn.XLOOKUP(AJ$3,$U$3:$U$11,$V$3:$V$11),0),"") | AL7: 4 | AM7: 4 | AN7: 4 | AO7: 10 | AP7: 9 | AQ7: 8 | AR7: 6 | AS7: 5 | AT7: 4 | AU7: 2 | AV7: 1 | AW7: 0 | AX7: 9 | AY7: 8 | AZ7: 7 | BA7: 6 | BB7: 5 | BC7: 4 | BD7: 2 | BE7: 1 | BF7: 0
B8: Manual Problem (used when Reroll = 0) | Q8: 6 | R8: =S8+R7 -> 49 | S8: =T8*$O$2 -> 4 | T8: {=IF($C$6=0,$H$13/$D$4,INDEX($AT$4:$AT$23,MOD($C$6-1,20)+1)/$D$4)} -> 0.8 | U8: 6 | V8: =W8+V7 -> 43 | W8: =X8*$O$3 -> 4 | X8: {=IF($C$6=0,$H$14/$I$4,INDEX($BC$4:$BC$23,MOD($C$6-1,20)+1)/$I$4)} -> 1.3333333 | Z8: 4 | AA8: =IF($Z8*$O$2+AA$3*$O$3<=$O$4,IFERROR(_xlfn.XLOOKUP($Z8,$Q$3:$Q$11,$R$3:$R$11),0)+IFERROR(_xlfn.XLOOKUP(AA$3,$U$3:$U$11,$V$3:$V$11),0),"") | AB8: =IF($Z8*$O$2+AB$3*$O$3<=$O$4,IFERROR(_xlfn.XLOOKUP($Z8,$Q$3:$Q$11,$R$3:$R$11),0)+IFERROR(_xlfn.XLOOKUP(AB$3,$U$3:$U$11,$V$3:$V$11),0),"") | AC8: =IF($Z8*$O$2+AC$3*$O$3<=$O$4,IFERROR(_xlfn.XLOOKUP($Z8,$Q$3:$Q$11,$R$3:$R$11),0)+IFERROR(_xlfn.XLOOKUP(AC$3,$U$3:$U$11,$V$3:$V$11),0),"") | AD8: =IF($Z8*$O$2+AD$3*$O$3<=$O$4,IFERROR(_xlfn.XLOOKUP($Z8,$Q$3:$Q$11,$R$3:$R$11),0)+IFERROR(_xlfn.XLOOKUP(AD$3,$U$3:$U$11,$V$3:$V$11),0),"") | AE8: =IF($Z8*$O$2+AE$3*$O$3<=$O$4,IFERROR(_xlfn.XLOOKUP($Z8,$Q$3:$Q$11,$R$3:$R$11),0)+IFERROR(_xlfn.XLOOKUP(AE$3,$U$3:$U$11,$V$3:$V$11),0),"") | AF8: =IF($Z8*$O$2+AF$3*$O$3<=$O$4,IFERROR(_xlfn.XLOOKUP($Z8,$Q$3:$Q$11,$R$3:$R$11),0)+IFERROR(_xlfn.XLOOKUP(AF$3,$U$3:$U$11,$V$3:$V$11),0),"") | AG8: =IF($Z8*$O$2+AG$3*$O$3<=$O$4,IFERROR(_xlfn.XLOOKUP($Z8,$Q$3:$Q$11,$R$3:$R$11),0)+IFERROR(_xlfn.XLOOKUP(AG$3,$U$3:$U$11,$V$3:$V$11),0),"") | AH8: =IF($Z8*$O$2+AH$3*$O$3<=$O$4,IFERROR(_xlfn.XLOOKUP($Z8,$Q$3:$Q$11,$R$3:$R$11),0)+IFERROR(_xlfn.XLOOKUP(AH$3,$U$3:$U$11,$V$3:$V$11),0),"") | ... AJ8: =IF($Z8*$O$2+AJ$3*$O$3<=$O$4,IFERROR(_xlfn.XLOOKUP($Z8,$Q$3:$Q$11,$R$3:$R$11),0)+IFERROR(_xlfn.XLOOKUP(AJ$3,$U$3:$U$11,$V$3:$V$11),0),"") | AL8: 5 | AM8: 3 | AN8: 1 | AO8: 9 | AP8: 8 | AQ8: 7 | AR8: 5 | AS8: 4 | AT8: 3 | AU8: 2 | AV8: 1 | AW8: 0 | AX8: 10 | AY8: 8 | AZ8: 6 | BA8: 5 | BB8: 4 | BC8: 3 | BD8: 2 | BE8: 1 | BF8: 0
B9: =C4&" Cost" -> Fish Cost | C9: =Input!C8 -> 3 | M9: Total Spend | O9: =O6*O2+O7*O3 -> 14 | Q9: 7 | R9: =S9+R8 -> 52 | S9: =T9*$O$2 -> 3 | T9: {=IF($C$6=0,$I$13/$D$4,INDEX($AU$4:$AU$23,MOD($C$6-1,20)+1)/$D$4)} -> 0.6 | U9: 7 | V9: =W9+V8 -> 45 | W9: =X9*$O$3 -> 2 | X9: {=IF($C$6=0,$I$14/$I$4,INDEX($BD$4:$BD$23,MOD($C$6-1,20)+1)/$I$4)} -> 0.66666667 | Z9: 5 | AA9: =IF($Z9*$O$2+AA$3*$O$3<=$O$4,IFERROR(_xlfn.XLOOKUP($Z9,$Q$3:$Q$11,$R$3:$R$11),0)+IFERROR(_xlfn.XLOOKUP(AA$3,$U$3:$U$11,$V$3:$V$11),0),"") | AB9: =IF($Z9*$O$2+AB$3*$O$3<=$O$4,IFERROR(_xlfn.XLOOKUP($Z9,$Q$3:$Q$11,$R$3:$R$11),0)+IFERROR(_xlfn.XLOOKUP(AB$3,$U$3:$U$11,$V$3:$V$11),0),"") | AC9: =IF($Z9*$O$2+AC$3*$O$3<=$O$4,IFERROR(_xlfn.XLOOKUP($Z9,$Q$3:$Q$11,$R$3:$R$11),0)+IFERROR(_xlfn.XLOOKUP(AC$3,$U$3:$U$11,$V$3:$V$11),0),"") | AD9: =IF($Z9*$O$2+AD$3*$O$3<=$O$4,IFERROR(_xlfn.XLOOKUP($Z9,$Q$3:$Q$11,$R$3:$R$11),0)+IFERROR(_xlfn.XLOOKUP(AD$3,$U$3:$U$11,$V$3:$V$11),0),"") | AE9: =IF($Z9*$O$2+AE$3*$O$3<=$O$4,IFERROR(_xlfn.XLOOKUP($Z9,$Q$3:$Q$11,$R$3:$R$11),0)+IFERROR(_xlfn.XLOOKUP(AE$3,$U$3:$U$11,$V$3:$V$11),0),"") | AF9: =IF($Z9*$O$2+AF$3*$O$3<=$O$4,IFERROR(_xlfn.XLOOKUP($Z9,$Q$3:$Q$11,$R$3:$R$11),0)+IFERROR(_xlfn.XLOOKUP(AF$3,$U$3:$U$11,$V$3:$V$11),0),"") | AG9: =IF($Z9*$O$2+AG$3*$O$3<=$O$4,IFERROR(_xlfn.XLOOKUP($Z9,$Q$3:$Q$11,$R$3:$R$11),0)+IFERROR(_xlfn.XLOOKUP(AG$3,$U$3:$U$11,$V$3:$V$11),0),"") | AH9: =IF($Z9*$O$2+AH$3*$O$3<=$O$4,IFERROR(_xlfn.XLOOKUP($Z9,$Q$3:$Q$11,$R$3:$R$11),0)+IFERROR(_xlfn.XLOOKUP(AH$3,$U$3:$U$11,$V$3:$V$11),0),"") | ... AJ9: =IF($Z9*$O$2+AJ$3*$O$3<=$O$4,IFERROR(_xlfn.XLOOKUP($Z9,$Q$3:$Q$11,$R$3:$R$11),0)+IFERROR(_xlfn.XLOOKUP(AJ$3,$U$3:$U$11,$V$3:$V$11),0),"") | AL9: 6 | AM9: 2 | AN9: 4 | AO9: 12 | AP9: 11 | AQ9: 10 | AR9: 8 | AS9: 7 | AT9: 4 | AU9: 3 | AV9: 2 | AW9: 0 | AX9: 10 | AY9: 9 | AZ9: 8 | BA9: 7 | BB9: 6 | BC9: 5 | BD9: 2 | BE9: 1 | BF9: 0
B10: =H4&" Cost" -> Coconuts Cost | C10: =Input!C9 -> 1 | M10: Total Utility | O10: =_xlfn.XLOOKUP(O6,Q3:Q11,R3:R11)+_xlfn.XLOOKUP(O7,U3:U11,V3:V11) -> 40 | Q10: 8 | R10: =S10+R9 -> 53 | S10: =T10*$O$2 -> 1 | T10: {=IF($C$6=0,$J$13/$D$4,INDEX($AV$4:$AV$23,MOD($C$6-1,20)+1)/$D$4)} -> 0.2 | U10: 8 | V10: =W10+V9 -> 46 | W10: =X10*$O$3 -> 1 | X10: {=IF($C$6=0,$J$14/$I$4,INDEX($BE$4:$BE$23,MOD($C$6-1,20)+1)/$I$4)} -> 0.33333333 | Z10: 6 | AA10: =IF($Z10*$O$2+AA$3*$O$3<=$O$4,IFERROR(_xlfn.XLOOKUP($Z10,$Q$3:$Q$11,$R$3:$R$11),0)+IFERROR(_xlfn.XLOOKUP(AA$3,$U$3:$U$11,$V$3:$V$11),0),"") | AB10: =IF($Z10*$O$2+AB$3*$O$3<=$O$4,IFERROR(_xlfn.XLOOKUP($Z10,$Q$3:$Q$11,$R$3:$R$11),0)+IFERROR(_xlfn.XLOOKUP(AB$3,$U$3:$U$11,$V$3:$V$11),0),"") | AC10: =IF($Z10*$O$2+AC$3*$O$3<=$O$4,IFERROR(_xlfn.XLOOKUP($Z10,$Q$3:$Q$11,$R$3:$R$11),0)+IFERROR(_xlfn.XLOOKUP(AC$3,$U$3:$U$11,$V$3:$V$11),0),"") | AD10: =IF($Z10*$O$2+AD$3*$O$3<=$O$4,IFERROR(_xlfn.XLOOKUP($Z10,$Q$3:$Q$11,$R$3:$R$11),0)+IFERROR(_xlfn.XLOOKUP(AD$3,$U$3:$U$11,$V$3:$V$11),0),"") | AE10: =IF($Z10*$O$2+AE$3*$O$3<=$O$4,IFERROR(_xlfn.XLOOKUP($Z10,$Q$3:$Q$11,$R$3:$R$11),0)+IFERROR(_xlfn.XLOOKUP(AE$3,$U$3:$U$11,$V$3:$V$11),0),"") | AF10: =IF($Z10*$O$2+AF$3*$O$3<=$O$4,IFERROR(_xlfn.XLOOKUP($Z10,$Q$3:$Q$11,$R$3:$R$11),0)+IFERROR(_xlfn.XLOOKUP(AF$3,$U$3:$U$11,$V$3:$V$11),0),"") | AG10: =IF($Z10*$O$2+AG$3*$O$3<=$O$4,IFERROR(_xlfn.XLOOKUP($Z10,$Q$3:$Q$11,$R$3:$R$11),0)+IFERROR(_xlfn.XLOOKUP(AG$3,$U$3:$U$11,$V$3:$V$11),0),"") | AH10: =IF($Z10*$O$2+AH$3*$O$3<=$O$4,IFERROR(_xlfn.XLOOKUP($Z10,$Q$3:$Q$11,$R$3:$R$11),0)+IFERROR(_xlfn.XLOOKUP(AH$3,$U$3:$U$11,$V$3:$V$11),0),"") | ... AJ10: =IF($Z10*$O$2+AJ$3*$O$3<=$O$4,IFERROR(_xlfn.XLOOKUP($Z10,$Q$3:$Q$11,$R$3:$R$11),0)+IFERROR(_xlfn.XLOOKUP(AJ$3,$U$3:$U$11,$V$3:$V$11),0),"") | AL10: 7 | AM10: 3 | AN10: 3 | AO10: 10 | AP10: 9 | AQ10: 8 | AR10: 7 | AS10: 6 | AT10: 5 | AU10: 4 | AV10: 2 | AW10: 0 | AX10: 14 | AY10: 13 | AZ10: 11 | BA10: 9 | BB10: 7 | BC10: 5 | BD10: 3 | BE10: 2 | BF10: 0
Q11: 9 | R11: =S11+R10 -> 53 | S11: =T11*$O$2 -> 0 | T11: {=IF($C$6=0,$K$13/$D$4,INDEX($AW$4:$AW$23,MOD($C$6-1,20)+1)/$D$4)} -> 0 | U11: 9 | V11: =W11+V10 -> 46 | W11: =X11*$O$3 -> 0 | X11: {=IF($C$6=0,$K$14/$I$4,INDEX($BF$4:$BF$23,MOD($C$6-1,20)+1)/$I$4)} -> 0 | Z11: 7 | AA11: =IF($Z11*$O$2+AA$3*$O$3<=$O$4,IFERROR(_xlfn.XLOOKUP($Z11,$Q$3:$Q$11,$R$3:$R$11),0)+IFERROR(_xlfn.XLOOKUP(AA$3,$U$3:$U$11,$V$3:$V$11),0),"") | AB11: =IF($Z11*$O$2+AB$3*$O$3<=$O$4,IFERROR(_xlfn.XLOOKUP($Z11,$Q$3:$Q$11,$R$3:$R$11),0)+IFERROR(_xlfn.XLOOKUP(AB$3,$U$3:$U$11,$V$3:$V$11),0),"") | AC11: =IF($Z11*$O$2+AC$3*$O$3<=$O$4,IFERROR(_xlfn.XLOOKUP($Z11,$Q$3:$Q$11,$R$3:$R$11),0)+IFERROR(_xlfn.XLOOKUP(AC$3,$U$3:$U$11,$V$3:$V$11),0),"") | AD11: =IF($Z11*$O$2+AD$3*$O$3<=$O$4,IFERROR(_xlfn.XLOOKUP($Z11,$Q$3:$Q$11,$R$3:$R$11),0)+IFERROR(_xlfn.XLOOKUP(AD$3,$U$3:$U$11,$V$3:$V$11),0),"") | AE11: =IF($Z11*$O$2+AE$3*$O$3<=$O$4,IFERROR(_xlfn.XLOOKUP($Z11,$Q$3:$Q$11,$R$3:$R$11),0)+IFERROR(_xlfn.XLOOKUP(AE$3,$U$3:$U$11,$V$3:$V$11),0),"") | AF11: =IF($Z11*$O$2+AF$3*$O$3<=$O$4,IFERROR(_xlfn.XLOOKUP($Z11,$Q$3:$Q$11,$R$3:$R$11),0)+IFERROR(_xlfn.XLOOKUP(AF$3,$U$3:$U$11,$V$3:$V$11),0),"") | AG11: =IF($Z11*$O$2+AG$3*$O$3<=$O$4,IFERROR(_xlfn.XLOOKUP($Z11,$Q$3:$Q$11,$R$3:$R$11),0)+IFERROR(_xlfn.XLOOKUP(AG$3,$U$3:$U$11,$V$3:$V$11),0),"") | AH11: =IF($Z11*$O$2+AH$3*$O$3<=$O$4,IFERROR(_xlfn.XLOOKUP($Z11,$Q$3:$Q$11,$R$3:$R$11),0)+IFERROR(_xlfn.XLOOKUP(AH$3,$U$3:$U$11,$V$3:$V$11),0),"") | ... AJ11: =IF($Z11*$O$2+AJ$3*$O$3<=$O$4,IFERROR(_xlfn.XLOOKUP($Z11,$Q$3:$Q$11,$R$3:$R$11),0)+IFERROR(_xlfn.XLOOKUP(AJ$3,$U$3:$U$11,$V$3:$V$11),0),"") | AL11: 8 | AM11: 3 | AN11: 1 | AO11: 10 | AP11: 9 | AQ11: 8 | AR11: 7 | AS11: 6 | AT11: 5 | AU11: 3 | AV11: 2 | AW11: 0 | AX11: 11 | AY11: 9 | AZ11: 7 | BA11: 6 | BB11: 5 | BC11: 3 | BD11: 2 | BE11: 1 | BF11: 0
B12: Quantity | C12: 1 | D12: 2 | E12: 3 | F12: 4 | G12: 5 | H12: 6 | I12: 7 | J12: 8 | K12: 9 | Z12: 8 | AA12: =IF($Z12*$O$2+AA$3*$O$3<=$O$4,IFERROR(_xlfn.XLOOKUP($Z12,$Q$3:$Q$11,$R$3:$R$11),0)+IFERROR(_xlfn.XLOOKUP(AA$3,$U$3:$U$11,$V$3:$V$11),0),"") | AB12: =IF($Z12*$O$2+AB$3*$O$3<=$O$4,IFERROR(_xlfn.XLOOKUP($Z12,$Q$3:$Q$11,$R$3:$R$11),0)+IFERROR(_xlfn.XLOOKUP(AB$3,$U$3:$U$11,$V$3:$V$11),0),"") | AC12: =IF($Z12*$O$2+AC$3*$O$3<=$O$4,IFERROR(_xlfn.XLOOKUP($Z12,$Q$3:$Q$11,$R$3:$R$11),0)+IFERROR(_xlfn.XLOOKUP(AC$3,$U$3:$U$11,$V$3:$V$11),0),"") | AD12: =IF($Z12*$O$2+AD$3*$O$3<=$O$4,IFERROR(_xlfn.XLOOKUP($Z12,$Q$3:$Q$11,$R$3:$R$11),0)+IFERROR(_xlfn.XLOOKUP(AD$3,$U$3:$U$11,$V$3:$V$11),0),"") | AE12: =IF($Z12*$O$2+AE$3*$O$3<=$O$4,IFERROR(_xlfn.XLOOKUP($Z12,$Q$3:$Q$11,$R$3:$R$11),0)+IFERROR(_xlfn.XLOOKUP(AE$3,$U$3:$U$11,$V$3:$V$11),0),"") | AF12: =IF($Z12*$O$2+AF$3*$O$3<=$O$4,IFERROR(_xlfn.XLOOKUP($Z12,$Q$3:$Q$11,$R$3:$R$11),0)+IFERROR(_xlfn.XLOOKUP(AF$3,$U$3:$U$11,$V$3:$V$11),0),"") | AG12: =IF($Z12*$O$2+AG$3*$O$3<=$O$4,IFERROR(_xlfn.XLOOKUP($Z12,$Q$3:$Q$11,$R$3:$R$11),0)+IFERROR(_xlfn.XLOOKUP(AG$3,$U$3:$U$11,$V$3:$V$11),0),"") | AH12: =IF($Z12*$O$2+AH$3*$O$3<=$O$4,IFERROR(_xlfn.XLOOKUP($Z12,$Q$3:$Q$11,$R$3:$R$11),0)+IFERROR(_xlfn.XLOOKUP(AH$3,$U$3:$U$11,$V$3:$V$11),0),"") | ... AJ12: =IF($Z12*$O$2+AJ$3*$O$3<=$O$4,IFERROR(_xlfn.XLOOKUP($Z12,$Q$3:$Q$11,$R$3:$R$11),0)+IFERROR(_xlfn.XLOOKUP(AJ$3,$U$3:$U$11,$V$3:$V$11),0),"") | AL12: 9 | AM12: 2 | AN12: 4 | AO12: 10 | AP12: 9 | AQ12: 8 | AR12: 5 | AS12: 4 | AT12: 3 | AU12: 2 | AV12: 1 | AW12: 0 | AX12: 12 | AY12: 11 | AZ12: 10 | BA12: 9 | BB12: 7 | BC12: 6 | BD12: 5 | BE12: 3 | BF12: 0
B13: =C4&" MU" -> Fish MU | C13: =Input!C12 -> 18 | D13: =Input!D12 -> 15 | E13: =Input!E12 -> 12 | F13: =Input!F12 -> 9 | G13: =Input!G12 -> 6 | H13: =Input!H12 -> 3 | I13: =Input!I12 -> 0 | J13: =Input!J12 -> 0 | K13: =Input!K12 -> 0 | Z13: 9 | AA13: =IF($Z13*$O$2+AA$3*$O$3<=$O$4,IFERROR(_xlfn.XLOOKUP($Z13,$Q$3:$Q$11,$R$3:$R$11),0)+IFERROR(_xlfn.XLOOKUP(AA$3,$U$3:$U$11,$V$3:$V$11),0),"") | AB13: =IF($Z13*$O$2+AB$3*$O$3<=$O$4,IFERROR(_xlfn.XLOOKUP($Z13,$Q$3:$Q$11,$R$3:$R$11),0)+IFERROR(_xlfn.XLOOKUP(AB$3,$U$3:$U$11,$V$3:$V$11),0),"") | AC13: =IF($Z13*$O$2+AC$3*$O$3<=$O$4,IFERROR(_xlfn.XLOOKUP($Z13,$Q$3:$Q$11,$R$3:$R$11),0)+IFERROR(_xlfn.XLOOKUP(AC$3,$U$3:$U$11,$V$3:$V$11),0),"") | AD13: =IF($Z13*$O$2+AD$3*$O$3<=$O$4,IFERROR(_xlfn.XLOOKUP($Z13,$Q$3:$Q$11,$R$3:$R$11),0)+IFERROR(_xlfn.XLOOKUP(AD$3,$U$3:$U$11,$V$3:$V$11),0),"") | AE13: =IF($Z13*$O$2+AE$3*$O$3<=$O$4,IFERROR(_xlfn.XLOOKUP($Z13,$Q$3:$Q$11,$R$3:$R$11),0)+IFERROR(_xlfn.XLOOKUP(AE$3,$U$3:$U$11,$V$3:$V$11),0),"") | AF13: =IF($Z13*$O$2+AF$3*$O$3<=$O$4,IFERROR(_xlfn.XLOOKUP($Z13,$Q$3:$Q$11,$R$3:$R$11),0)+IFERROR(_xlfn.XLOOKUP(AF$3,$U$3:$U$11,$V$3:$V$11),0),"") | AG13: =IF($Z13*$O$2+AG$3*$O$3<=$O$4,IFERROR(_xlfn.XLOOKUP($Z13,$Q$3:$Q$11,$R$3:$R$11),0)+IFERROR(_xlfn.XLOOKUP(AG$3,$U$3:$U$11,$V$3:$V$11),0),"") | AH13: =IF($Z13*$O$2+AH$3*$O$3<=$O$4,IFERROR(_xlfn.XLOOKUP($Z13,$Q$3:$Q$11,$R$3:$R$11),0)+IFERROR(_xlfn.XLOOKUP(AH$3,$U$3:$U$11,$V$3:$V$11),0),"") | ... AJ13: =IF($Z13*$O$2+AJ$3*$O$3<=$O$4,IFERROR(_xlfn.XLOOKUP($Z13,$Q$3:$Q$11,$R$3:$R$11),0)+IFERROR(_xlfn.XLOOKUP(AJ$3,$U$3:$U$11,$V$3:$V$11),0),"") | AL13: 10 | AM13: 1 | AN13: 3 | AO13: 12 | AP13: 9 | AQ13: 7 | AR13: 5 | AS13: 4 | AT13: 3 | AU13: 2 | AV13: 1 | AW13: 0 | AX13: 13 | AY13: 11 | AZ13: 9 | BA13: 8 | BB13: 7 | BC13: 6 | BD13: 2 | BE13: 1 | BF13: 0
B14: =H4&" MU" -> Coconuts MU | C14: =Input!C13 -> 10 | D14: =Input!D13 -> 8 | E14: =Input!E13 -> 6 | F14: =Input!F13 -> 5 | G14: =Input!G13 -> 4 | H14: =Input!H13 -> 3 | I14: =Input!I13 -> 2 | J14: =Input!J13 -> 1 | K14: =Input!K13 -> 0 | AL14: 11 | AM14: 3 | AN14: 1 | AO14: 11 | AP14: 10 | AQ14: 9 | AR14: 8 | AS14: 7 | AT14: 5 | AU14: 4 | AV14: 3 | AW14: 0 | AX14: 9 | AY14: 8 | AZ14: 6 | BA14: 5 | BB14: 4 | BC14: 3 | BD14: 2 | BE14: 1 | BF14: 0
AL15: 12 | AM15: 5 | AN15: 1 | AO15: 12 | AP15: 11 | AQ15: 10 | AR15: 9 | AS15: 8 | AT15: 7 | AU15: 3 | AV15: 2 | AW15: 0 | AX15: 13 | AY15: 11 | AZ15: 9 | BA15: 8 | BB15: 4 | BC15: 3 | BD15: 2 | BE15: 1 | BF15: 0
AL16: 13 | AM16: 3 | AN16: 5 | AO16: 10 | AP16: 9 | AQ16: 8 | AR16: 6 | AS16: 5 | AT16: 4 | AU16: 3 | AV16: 2 | AW16: 0 | AX16: 10 | AY16: 9 | AZ16: 8 | BA16: 7 | BB16: 6 | BC16: 5 | BD16: 4 | BE16: 1 | BF16: 0
AL17: 14 | AM17: 1 | AN17: 2 | AO17: 9 | AP17: 8 | AQ17: 7 | AR17: 6 | AS17: 5 | AT17: 4 | AU17: 3 | AV17: 1 | AW17: 0 | AX17: 11 | AY17: 10 | AZ17: 9 | BA17: 7 | BB17: 6 | BC17: 5 | BD17: 4 | BE17: 3 | BF17: 0
B18: Unprotect Sheets Password → 1234 | AL18: 15 | AM18: 2 | AN18: 4 | AO18: 14 | AP18: 12 | AQ18: 10 | AR18: 9 | AS18: 7 | AT18: 4 | AU18: 3 | AV18: 1 | AW18: 0 | AX18: 12 | AY18: 11 | AZ18: 9 | BA18: 8 | BB18: 7 | BC18: 4 | BD18: 3 | BE18: 2 | BF18: 0
AL19: 16 | AM19: 4 | AN19: 1 | AO19: 9 | AP19: 8 | AQ19: 7 | AR19: 6 | AS19: 4 | AT19: 3 | AU19: 2 | AV19: 1 | AW19: 0 | AX19: 11 | AY19: 10 | AZ19: 8 | BA19: 7 | BB19: 6 | BC19: 5 | BD19: 4 | BE19: 3 | BF19: 0
AL20: 17 | AM20: 5 | AN20: 4 | AO20: 10 | AP20: 9 | AQ20: 7 | AR20: 6 | AS20: 4 | AT20: 3 | AU20: 2 | AV20: 1 | AW20: 0 | AX20: 11 | AY20: 10 | AZ20: 9 | BA20: 8 | BB20: 7 | BC20: 6 | BD20: 5 | BE20: 2 | BF20: 0
AL21: 18 | AM21: 1 | AN21: 5 | AO21: 11 | AP21: 8 | AQ21: 6 | AR21: 5 | AS21: 4 | AT21: 3 | AU21: 2 | AV21: 1 | AW21: 0 | AX21: 8 | AY21: 7 | AZ21: 6 | BA21: 5 | BB21: 4 | BC21: 3 | BD21: 2 | BE21: 1 | BF21: 0
AL22: 19 | AM22: 5 | AN22: 2 | AO22: 11 | AP22: 10 | AQ22: 9 | AR22: 8 | AS22: 7 | AT22: 6 | AU22: 3 | AV22: 2 | AW22: 0 | AX22: 12 | AY22: 11 | AZ22: 10 | BA22: 7 | BB22: 6 | BC22: 5 | BD22: 4 | BE22: 1 | BF22: 0
AL23: 20 | AM23: 5 | AN23: 1 | AO23: 9 | AP23: 7 | AQ23: 6 | AR23: 5 | AS23: 4 | AT23: 3 | AU23: 2 | AV23: 1 | AW23: 0 | AX23: 13 | AY23: 11 | AZ23: 9 | BA23: 7 | BB23: 6 | BC23: 4 | BD23: 3 | BE23: 2 | BF23: 0
